Descrição;Código;Placa;Chassis;Série;Proprietário;Filial Proprietário;Patrimonio;
ADUBADEIRA;6039;;;;USINA MONTE ALEGRE S/A;1;;
ADUBADEIRA ( INOX );6064;;;;USINA MONTE ALEGRE S/A;1;;
ADUBADEIRA 2 ( INOX );6072;;;;USINA MONTE ALEGRE S/A;1;;
ASPERSORES;7157;;;;USINA MONTE ALEGRE S/A;1;;
ASPERSORES;7158;;;;USINA MONTE ALEGRE S/A;1;;
ASPERSORES;7159;;;;USINA MONTE ALEGRE S/A;1;;
ASPERSORES;7160;;;;USINA MONTE ALEGRE S/A;1;;
ASPERSORES;7161;;;;USINA MONTE ALEGRE S/A;1;;
ASPERSORES;7162;;;;USINA MONTE ALEGRE S/A;1;;
ASPERSORES;7163;;;;USINA MONTE ALEGRE S/A;1;;
ASPERSORES;7183;;;;USINA MONTE ALEGRE S/A;1;;
ASPERSORES;7165;;;;USINA MONTE ALEGRE S/A;1;;
ASPERSORES;7166;;;;USINA MONTE ALEGRE S/A;1;;
ASPERSORES;7167;;;;USINA MONTE ALEGRE S/A;1;;
ASPERSORES;7168;;;;USINA MONTE ALEGRE S/A;1;;
ASPERSORES;7169;;;;USINA MONTE ALEGRE S/A;1;;
ASPERSORES;7170;;;;USINA MONTE ALEGRE S/A;1;;
ASPERSORES;7171;;;;USINA MONTE ALEGRE S/A;1;;
ASPERSORES;7172;;;;USINA MONTE ALEGRE S/A;1;;
ASPERSORES;7173;;;;USINA MONTE ALEGRE S/A;1;;
ASPERSORES;7174;;;;USINA MONTE ALEGRE S/A;1;;
ASPERSORES;7175;;;;USINA MONTE ALEGRE S/A;1;;
ASPERSORES;7181;;;;USINA MONTE ALEGRE S/A;1;;
ASPERSORES;7156;;;;USINA MONTE ALEGRE S/A;1;;
ASPERSORES;7155;;;;USINA MONTE ALEGRE S/A;1;;
ASPERSORES;7154;;;;USINA MONTE ALEGRE S/A;1;;
ASPERSORES;7164;;;;USINA MONTE ALEGRE S/A;1;;
CAÇAMBA BASCULANTE;1007;NPW-5838;9BM6933889B667496;;USINA MONTE ALEGRE S/A;1;;
CAÇAMBA BASCULANTE;1020;MNV-2076;9BM6963651B264685;400;USINA MONTE ALEGRE S/A;1;;
CAÇAMBA BASCULANTE;1019;MNV-2056;9BM6963651B261532;400;USINA MONTE ALEGRE S/A;1;;
CAÇAMBA BASCULANTE;1006;NPW-4608;9BM6933889B667054;;USINA MONTE ALEGRE S/A;1;;
CAÇAMBA BASCULANTE;1021;MOG-1636;9BM6963651B265468;400;USINA MONTE ALEGRE S/A;1;;
CAÇAMBA BASCULANTE;1011;MNY-9850;9BM386364LB888106;;USINA MONTE ALEGRE S/A;1;;
CAÇAMBA BASCULANTE;1014;MNQ-4273;9BM344014JB830635;;USINA MONTE ALEGRE S/A;1;;
CAÇAMBA IMPLEMENTO INDUSTRIA;8501;;;;USINA MONTE ALEGRE S/A;1;;
CAÇAMBA ROLL ON;6062;;;;USINA MONTE ALEGRE S/A;1;;
CAÇAMBA ROLL ON ;6063;;;;USINA MONTE ALEGRE S/A;1;;
CAMINHAO APOIO;1013;MNS-3068;9BM386364MB917827;;USINA MONTE ALEGRE S/A;1;;
CAMINHÃO BATE/VOLTA;1010;MMP-8180;9BM345413LB888973;;USINA MONTE ALEGRE S/A;1;;
CAMINHÃO BATE/VOLTA;1003;MNY-9860;9BM345413LB883592;;USINA MONTE ALEGRE S/A;1;;
CAMINHÃO BOMBEIRO;1052;SEX-3A47;9BM958264NB314810;;USINA MONTE ALEGRE S/A;1;;
CAMINHÃO BOMBEIRO;1041;RLW5B99;9BM958174MB197099;;USINA MONTE ALEGRE S/A;1;;
CAMINHÃO BOMBEIRO;1012;MNY-9840;9BM386364LB889877;;USINA MONTE ALEGRE S/A;1;;
CAMINHÃO BOMBEIRO;1008;MOI-6376;9BM6933868B605568;;USINA MONTE ALEGRE S/A;1;;
CAMINHÃO BOMBEIRO;1033;PFB-6214;9BM693328BB772754;;USINA MONTE ALEGRE S/A;1;;
CAMINHÃO BOMBEIRO;1047;PZQ-5157;93KK0R1D3HE158818;;USINA MONTE ALEGRE S/A;1;;
CAMINHÃO BORRACHARIA;1034;NPX-4209;9533172S6AR003379;G1T117068;USINA MONTE ALEGRE S/A;1;;
CAMINHÃO CAÇAMBA BASCULANTE;1053;ROV-4C60;9MB958170PB302408;;USINA MONTE ALEGRE S/A;1;;
CAMINHÃO CAÇAMBA BASCULANTE;1054;STJ-0D00;9BM951514PB333367;;USINA MONTE ALEGRE S/A;1;;
CAMINHÃO CANAVIEIRO;1029;NQD-7027;9BM958478AB734713;;USINA MONTE ALEGRE S/A;1;;
CAMINHÃO CANAVIEIRO;1036;QSI9269;9BM958478LB153356;457910U1053205;USINA MONTE ALEGRE S/A;1;;
CAMINHÃO CANAVIEIRO;1038;RLS3C60;9BM958478LB193212;;USINA MONTE ALEGRE S/A;1;;
CAMINHÃO CANAVIEIRO;1039;RLS-3A10;9BM958478LB192658;;USINA MONTE ALEGRE S/A;1;;
CAMINHÃO CANAVIEIRO;1040;RLS3B70;9BM958478LB192147;;USINA MONTE ALEGRE S/A;1;;
CAMINHÃO CANAVIEIRO;1042;RLU8E83;9BM958478MB210344;;USINA MONTE ALEGRE S/A;1;;
CAMINHÃO CANAVIEIRO;1044;RLV-0I67;9BM958478NB247514;OM 547 LA ;USINA MONTE ALEGRE S/A;1;;
CAMINHÃO CANAVIEIRO;1045;BCJ-0J32;9BM958478JB102622;;USINA MONTE ALEGRE S/A;1;;
CAMINHÃO CANAVIEIRO;1046;IZT-8F73;9BM958478KB164818;;USINA MONTE ALEGRE S/A;1;;
CAMINHÃO CANAVIEIRO;1048;SLA-4H26;9BM964016RB345758;A0118643;USINA MONTE ALEGRE S/A;1;;
CAMINHÃO CANAVIEIRO;1049;IZO-5J01;9BM958478KB144846;;USINA MONTE ALEGRE S/A;1;;
CAMINHÃO CANAVIEIRO;1035;QSJ2238;9BM958478LB150460;;USINA MONTE ALEGRE S/A;1;;
CAMINHÃO CANAVIEIRO;1028;NQD-6997;9BM958478AB733359;;USINA MONTE ALEGRE S/A;1;;
CAMINHÃO CANAVIEIRO;1027;NPW-7129;9BM9584729B637432;;USINA MONTE ALEGRE S/A;1;;
CAMINHÃO CANAVIEIRO;1026;MOQ-1346;9BM9584788B612028;;USINA MONTE ALEGRE S/A;1;;
CAMINHÃO CANAVIEIRO;1025;MNT-6737;9BM9584787B543924;;USINA MONTE ALEGRE S/A;1;;
CAMINHÃO CANAVIEIRO;1030;QFA-9114;9BM958478EB958063;;USINA MONTE ALEGRE S/A;1;;
CAMINHÃO CANAVIEIRO;1022;MOG-1726;9BM6963651B261256;400;USINA MONTE ALEGRE S/A;1;;
CAMINHÃO CANAVIEIRO;1023;MNJ-7368;9BM6963655B431609;400;USINA MONTE ALEGRE S/A;1;;
CAMINHÃO CANAVIEIRO;1024;MNZ-7508;9BM9584786B499890;;USINA MONTE ALEGRE S/A;1;;
CAMINHÃO CAVALO MECÂNICO;1037;DTR2D46;9BVAN60D26E719283;;USINA MONTE ALEGRE S/A;1;;
CAMINHÃO COMBOIO;1051;SJX-7J70;9536E8233PR029740;;USINA MONTE ALEGRE S/A;1;;
CAMINHÃO COMBOIO;1004;MON-1719;9BM9580246B447599;;USINA MONTE ALEGRE S/A;1;;
CAMINHÃO COMBOIO;1005;NPX-4939;9BM6931869B677596;;USINA MONTE ALEGRE S/A;1;;
CAMINHAO FORD CARGO 6332 E ;9145;NNY-5658;;;USINA ESTIVAS LTDA;;;
CAMINHÃO M. BENZ ACTROS 2651 LS/33 E6;1107;SLC-3G93;9BM963424PB325467;A0118551;USINA MONTE ALEGRE S/A;1;;
CAMINHAO MBB AXOR 3344;9147;NMO9979;;;USINA ESTIVAS LTDA;;;
CAMINHAO MBB AXOR 3344;9148;NMD2745;;;USINA ESTIVAS LTDA;;;
CAMINHAO MBB AXOR 3344;9149;MTC-7478;;;USINA ESTIVAS LTDA;;;
CAMINHAO MBB AXOR 3344;9150;AXQ-4391;;;USINA ESTIVAS LTDA;;;
CAMINHAO MBB AXOR 3344;9144;NXU-5904;;;USINA ESTIVAS LTDA;;;
CAMINHAO MBB AXOR 3344 F03;9141;AXM-9353;;;USINA ESTIVAS LTDA;;;
CAMINHAO MBB AXOR 3344 F04;9140;FJW-9884;;;USINA ESTIVAS LTDA;;;
CAMINHAO MBB AXOR 3344 6X4;9125;RFG-5I15;;;USINA ESTIVAS LTDA;;;
CAMINHAO MBB 3344;9130;BTO3872;;;USINA ESTIVAS LTDA;;;
CAMINHAO MBB 3344 6X4;9127;RFG-5I12;;;USINA ESTIVAS LTDA;;;
CAMINHAO MBB 3344 6X4;9128;RFG-5I08;;;USINA ESTIVAS LTDA;;;
CAMINHÃO MUNCK;1032;KKZ-3851;9BW3782T98R808939;;USINA MONTE ALEGRE S/A;1;;
CAMINHÃO OFICINA;1055;TOT6J16;9BM951104SB403532;;USINA MONTE ALEGRE S/A;1;;
CAMINHÃO OFICINA;1050;FJB-4J56;9BM951102PB313589;;USINA MONTE ALEGRE S/A;1;;
CAMINHÃO OFICINA;1043;AXS-2D35;9BM693186DB938924;;USINA MONTE ALEGRE S/A;1;;
CAMINHÃO PRANCHA;1002;MMV-5965;9BVN5A7A0VE658956;;USINA MONTE ALEGRE S/A;1;;
CAMINHÃO PRANCHA;1015;MNS-5609;9BM386364MB920877;3769750U9065117;USINA MONTE ALEGRE S/A;1;;
CAMINHÃO RODOTREM;1108;QRR-7991;9BM938142KS049811;;USINA MONTE ALEGRE S/A;1;;
CAMINHÃO TRANS. AÇUCAR;1009;MNY-9820;9BM386364LB889302;;USINA MONTE ALEGRE S/A;1;;
CAMINHAO VOLVO FMX 480;9121;EYC-4182;;;USINA ESTIVAS LTDA;;;
CAMINHAO VOLVO FMX 480;9122;EYC0524;;;USINA ESTIVAS LTDA;;;
CAMINHAO VOLVO FMX 480;9123;EYC-0519;;;USINA ESTIVAS LTDA;;;
CAMINHAO VOLVO FMX 480;9129;EYC-0521;;;USINA ESTIVAS LTDA;;;
CAMINHAO VOLVO FMX 480;9124;EYC-0513;;;USINA ESTIVAS LTDA;;;
CAMINHAO VOLVO FMX 480;9126;EYC-4192;;;USINA ESTIVAS LTDA;;;
CAMINHAO VW 31.320 CNC 6X4;9146;MNR-7304;;;USINA ESTIVAS LTDA;;;
CARREGADEIRA - IMPLEMENTO SANTAL CMP MASTER;3019;;BM104627473;;USINA MONTE ALEGRE S/A;1;;
CARREGADEIRA - IMPLEMENTO SANTAL CMP MASTER;3020;;BM104627474;;USINA MONTE ALEGRE S/A;1;;
CARREGADEIRA - IMPLEMENTO SANTAL CMP MASTER;3021;;BM100222627;M100222627;USINA MONTE ALEGRE S/A;1;;
CARREGADEIRA - IMPLEMENTO SANTAL CMP MASTER;3022;;BM100222630;M100222630;USINA MONTE ALEGRE S/A;1;;
CARREGADEIRA - IMPLEMENTO SANTAL CMP MASTER;3023;;BM100264243;;USINA MONTE ALEGRE S/A;1;;
CARREGADEIRA - IMPLEMENTO SANTAL CMP MASTER;3024;;BM100264244;;USINA MONTE ALEGRE S/A;1;;
CARREGADEIRA - IMPLEMENTO SANTAL CMP MASTER;3027;;BM100261896;M100261896;USINA MONTE ALEGRE S/A;1;;
CARREGADEIRA - IMPLEMENTO SANTAL CMP MASTER;3028;;BM100291788;M100291788;USINA MONTE ALEGRE S/A;1;;
CARREGADEIRA - IMPLEMENTO SANTAL CMP MASTER;3029;;M10R527464;JMD525005;USINA MONTE ALEGRE S/A;1;;
CARREGADEIRA - IMPLEMENTO SANTAL CMP MASTER;3030;;M10R527465;JMD526026;USINA MONTE ALEGRE S/A;1;;
CARREGADEIRA - IMPLEMENTO SANTAL CMP MASTER;3014;;BM100222629;BM100222629;USINA MONTE ALEGRE S/A;1;;
CARREGADEIRA - IMPLEMENTO SANTAL CMP MASTER;3015;;BM100222628;M100222628;USINA MONTE ALEGRE S/A;1;;
CARREGADEIRA - IMPLEMENTO SANTAL CMP MASTER;3016;;BM100222631;BM100222631;USINA MONTE ALEGRE S/A;1;;
CARREGADEIRA BELL SC 800;3031;CAR-3031;2023.08.825;;USINA MONTE ALEGRE S/A;1;;
CARREGADEIRA BELL SC 800;3026;CAR-3026;;;USINA MONTE ALEGRE S/A;1;;
CARREGADEIRA BELL SC 800;3025;;201409722;;USINA MONTE ALEGRE S/A;1;;
CARREGADEIRA HIMA;3012;;;;USINA MONTE ALEGRE S/A;1;;
CARREGADEIRA MOTOCANA;3011;;V211128;;USINA MONTE ALEGRE S/A;1;;
CARREGADEIRA MOTOCANA;3006;;V191814;;USINA MONTE ALEGRE S/A;1;;
CARREGADEIRA MOTOCANA;3003;;V192997;;USINA MONTE ALEGRE S/A;1;;
CARREGADEIRA MOTOCANA;3001;;;;USINA MONTE ALEGRE S/A;1;;
CARREGADEIRA SANTAL;9153;;;;USINA ESTIVAS LTDA;;;
CARREGADEIRA SANTAL;3009;;Inlegível;;USINA MONTE ALEGRE S/A;1;;
CARREGADEIRA SANTAL;3008;;V126031;;USINA MONTE ALEGRE S/A;1;;
CARREGADEIRA SANTAL;3007;;V166299;;USINA MONTE ALEGRE S/A;1;;
CARREGADEIRA SANTAL;3002;;;;USINA MONTE ALEGRE S/A;1;;
CARREGADEIRA VALTRA BM 100;9152;;;;USINA ESTIVAS LTDA;;;
CARREGADEIRA VALTRA BM85 J01;9156;;;;USINA ESTIVAS LTDA;;;
CARRETEL/TUBOMAQ C90/350A, NO: C0037015 ( USADO );7024;;;;USINA MONTE ALEGRE S/A;1;;
CARROCA APOIO;6071;;;;USINA MONTE ALEGRE S/A;1;;
CARROÇA APOIO OXIGÊNIO;8522;;;;USINA MONTE ALEGRE S/A;1;;
CARROÇA APOIO PIVÔ;8521;;;;USINA MONTE ALEGRE S/A;1;;
CARROCA CALDEIRARIA;6032;;;;USINA MONTE ALEGRE S/A;1;;
CARROCA IRRIGACAO;6074;;;;USINA MONTE ALEGRE S/A;1;;
CARROÇA P/ IRRIGAÇÃO;8559;;;;USINA MONTE ALEGRE S/A;1;;
CARROÇA P/ IRRIGAÇÃO;8511;;;;USINA MONTE ALEGRE S/A;1;;
CARROCA REBOQUE PRANCHA;8526;;;;USINA MONTE ALEGRE S/A;1;;
CARROÇÃO;8524;;;;USINA MONTE ALEGRE S/A;1;;
CARROÇÃO;8525;;;;USINA MONTE ALEGRE S/A;1;;
CARROÇÃO;8527;CAR-8527;;;USINA MONTE ALEGRE S/A;1;;
CARROÇÃO;8515;;;;USINA MONTE ALEGRE S/A;1;;
CARROÇÃO;8516;;;;USINA MONTE ALEGRE S/A;1;;
CARROÇÃO;8517;;;;USINA MONTE ALEGRE S/A;1;;
CARROÇÃO;8518;;;;USINA MONTE ALEGRE S/A;1;;
CARROÇÃO;8032;;;;USINA MONTE ALEGRE S/A;1;;
CARROÇÃO;8013;MON-5747;9A9RAC15211CL6341;;USINA MONTE ALEGRE S/A;1;;
CARROÇÃO APOIO FERTIRRIGAÇÃO;8523;;;;USINA MONTE ALEGRE S/A;1;;
CARROÇÃO MIGRO GEL;8560;;;;USINA MONTE ALEGRE S/A;1;;
CARROCAO PIPA ;8519;;;;USINA MONTE ALEGRE S/A;1;;
CARROCAO PIPA ;8520;;;;USINA MONTE ALEGRE S/A;1;;
CAVALO MECÂNICO;8562;OUE-4681;97TD0N412K2001781;;USINA MONTE ALEGRE S/A;1;;
CISAL;9605;;;;USINA MONTE ALEGRE S/A;1;;
COBRIDOR DE CANA;6009;;;;USINA MONTE ALEGRE S/A;1;;
COBRIDOR DE CANA;6089;;1.02.03.04.01.063;;USINA MONTE ALEGRE S/A;1;;
COLHEDEIRA DE CANA CASE IH;5005;COL-5005;PRCY9000TPPA06813;SWSL0300071;USINA MONTE ALEGRE S/A;1;;
COLHEDORA CASE A8810 F1;9157;;;;USINA ESTIVAS LTDA;;;
COLHEDORA DE CANA CH670;5003;COL-5003;1NWC670HPNT220070;;USINA MONTE ALEGRE S/A;1;;
COLHEDORA DE CANA CH670;5001;COL-5001;1NWC670HCMT210070;;USINA MONTE ALEGRE S/A;1;;
COLHEDORA DE CANA CH670;5002;COL-5002;1NWC670HJMT210074;;USINA MONTE ALEGRE S/A;1;;
COLHEDORA DE CANA CH670;5004;COL-5004;1NWC670HHRT240044;;USINA MONTE ALEGRE S/A;1;;
COLHEDORA VALTRA 1035E F2;9158;;;;USINA ESTIVAS LTDA;;;
COLHEDORA VALTRA 1035E F3;9159;;;;USINA ESTIVAS LTDA;;;
COMPOSTADOR;6042;;;;USINA MONTE ALEGRE S/A;1;;
CONCHA  PC 4009;6049;;;;USINA MONTE ALEGRE S/A;1;;
CONCHA PC 4019;6091;;;;USINA MONTE ALEGRE S/A;1;;
CONCHA TIPO V PC 4009;6059;;;;USINA MONTE ALEGRE S/A;1;;
CONCHA TIPO V PC 4019;6093;;;;USINA MONTE ALEGRE S/A;1;;
CORTADOR DE SOQUEIRA ;6100;;;3007;USINA MONTE ALEGRE S/A;1;;
CULTIVADOR;6098;;;;USINA MONTE ALEGRE S/A;1;;
CULTIVADOR;6047;;;;USINA MONTE ALEGRE S/A;1;;
CULTIVADOR C/ MOLA ASPIRAL;6109;;;;USINA MONTE ALEGRE S/A;1;;
CULTIVADOR C/ MOLA ASPIRAL;6110;;;;USINA MONTE ALEGRE S/A;1;;
CULTIVADOR DE FILEIRA DUPLA DE DISCO ;6113;;;;USINA MONTE ALEGRE S/A;1;;
DESCOMPACTADOR DPT320MAHD ;6116;;;;USINA MONTE ALEGRE S/A;1;;
DIST. CALCARIO;6040;;;;USINA MONTE ALEGRE S/A;1;;
DIST. TORTA MULTIFUNCIONAL;6053;;;;USINA MONTE ALEGRE S/A;1;;
DIST. TORTA MULTIFUNCIONAL;6066;DIS-6066;;84370/2016;USINA MONTE ALEGRE S/A;1;;
DISTRIBUIDORA DE CALCARIO;6103;;DCFC08000-3261;;USINA MONTE ALEGRE S/A;1;;
DISTRIBUIDORA DE CALCARIO;6090;;OCFC08000;;USINA MONTE ALEGRE S/A;1;;
DISTRIBUIDORA DE CALCARIO;6052;;;;USINA MONTE ALEGRE S/A;1;;
DISTRIBUIDORA DE TORTA;6034;;;;USINA MONTE ALEGRE S/A;1;;
ELETROBOMBA;7057;;;100296436;USINA MONTE ALEGRE S/A;1;;
ELETROBOMBA;7191;;;;USINA MONTE ALEGRE S/A;1;;
ELETROBOMBA;7189;ELE-7189;;;USINA MONTE ALEGRE S/A;1;;
ELETROBOMBA;7186;;;;USINA MONTE ALEGRE S/A;1;;
ELETROBOMBA;7182;;;;USINA MONTE ALEGRE S/A;1;;
ELETROBOMBA;7178;;;C1S197327;USINA MONTE ALEGRE S/A;1;;
ELETROBOMBA;7177;;;C1S194730;USINA MONTE ALEGRE S/A;1;;
ELETROBOMBA;7145;;;;USINA MONTE ALEGRE S/A;1;;
ELETROBOMBA;7144;;;;USINA MONTE ALEGRE S/A;1;;
ELETROBOMBA;7143;;;;USINA MONTE ALEGRE S/A;1;;
ELETROBOMBA;7142;;;;USINA MONTE ALEGRE S/A;1;;
ELETROBOMBA;7128;ELE-7128;F00274E001;;USINA MONTE ALEGRE S/A;1;;
ELETROBOMBA;7041;;1022528443;;USINA MONTE ALEGRE S/A;1;;
ELETROBOMBA;7042;;;26237;USINA MONTE ALEGRE S/A;1;;
ELETROBOMBA;7043;;;26239;USINA MONTE ALEGRE S/A;;;
ELETROBOMBA;7044;;1022528448;;USINA MONTE ALEGRE S/A;1;;
ELETROBOMBA;7045;;;;USINA MONTE ALEGRE S/A;1;;
ELETROBOMBA;7047;;;1012310071;USINA MONTE ALEGRE S/A;1;;
ELETROBOMBA;7048;;;1012552284;USINA MONTE ALEGRE S/A;1;;
ELETROBOMBA;7049;;;1012552282;USINA MONTE ALEGRE S/A;1;;
ELETROBOMBA;7050;;;1012518522;USINA MONTE ALEGRE S/A;1;;
ELETROBOMBA;7053;;;1002961438;USINA MONTE ALEGRE S/A;1;;
ELETROBOMBA;7054;;1022528444;;USINA MONTE ALEGRE S/A;1;;
ELETROBOMBA;7056;;;1002981440;USINA MONTE ALEGRE S/A;1;;
ELETROBOMBA;7193;;;;USINA MONTE ALEGRE S/A;1;;
ELETROBOMBA;7058;;;BI92365;USINA MONTE ALEGRE S/A;1;;
ELETROBOMBA;7059;;;OA66964;USINA MONTE ALEGRE S/A;1;;
ELETROBOMBA;7061;;;;USINA MONTE ALEGRE S/A;1;;
ELETROBOMBA;7076;;;1002961441;USINA MONTE ALEGRE S/A;1;;
ELETROBOMBA;7077;;;OA66965;USINA MONTE ALEGRE S/A;1;;
ELETROBOMBA;7089;;;C1S197183;USINA MONTE ALEGRE S/A;1;;
ELETROBOMBA;7090;;;C1S197327;USINA MONTE ALEGRE S/A;1;;
ELETROBOMBA;7094;;;1002961434;USINA MONTE ALEGRE S/A;1;;
ELETROBOMBA;7095;;;100496614;USINA MONTE ALEGRE S/A;1;;
ELETROBOMBA;7120;;;22777;USINA MONTE ALEGRE S/A;1;;
ELETROBOMBA;7125;ELE-7125;F00274E001;;USINA MONTE ALEGRE S/A;1;;
ELETROBOMBA;7126;ELE-7126;F00274E001;;USINA MONTE ALEGRE S/A;1;;
ELETROBOMBA;7127;ELE-7127;F00274E001;;USINA MONTE ALEGRE S/A;1;;
EMPILHADEIRA;4005;;;;USINA MONTE ALEGRE S/A;1;;
EMPILHADEIRA ;4010;;A977Y08606G;;USINA MONTE ALEGRE S/A;1;;
EMPILHADEIRA HYSTER ;4023;;B977Y07043Y;;USINA MONTE ALEGRE S/A;1;;
EMPILHADEIRA HYSTER CISAL;4016;;;;USINA MONTE ALEGRE S/A;1;;
EMPILHADEIRA HYSTER CISAL;4018;;;B977Y03516U;USINA MONTE ALEGRE S/A;1;;
EMPILHADEIRA H40FT;4007;;A977Y08606G;A977Y08606G;USINA MONTE ALEGRE S/A;1;;
EMPILHADEIRA H55FT;4012;;A977Y19606N;;USINA MONTE ALEGRE S/A;1;;
EMPILHADEIRA H55XM;4013;EMP-4013;D177Y3560V;D177Y3560V;USINA MONTE ALEGRE S/A;1;;
ENLEIRADOR DE PALHA ROTATIVO;6095;;1.05.01.01.00.001;;USINA MONTE ALEGRE S/A;1;;
ESCALIFACADOR;6016;;;;USINA MONTE ALEGRE S/A;1;;
ESCAVADEIRA HIDRAULICA;4009;;HBZN220BCBAA00293;NBAA00293;USINA MONTE ALEGRE S/A;1;;
ESCAVADEIRA HIDRAULICA;4019;;S0RJS21CVN3137137;3137137;USINA MONTE ALEGRE S/A;1;;
FALCON ( IMPPLEMENTO );6031;;;;USINA MONTE ALEGRE S/A;1;;
FIAT ARGO 1.0;60;RLS-9G24;9BD358A1NMYL07050;;USINA MONTE ALEGRE S/A;1;;
FIAT DOBLO ESSENCE 1.8;52;OGC9D43;9BD11960SG1134195;;USINA MONTE ALEGRE S/A;1;;
FIAT FIORINO;20;NPZ-0450;9BD25504998853170;;USINA MONTE ALEGRE S/A;1;;
FIAT MOBI LIKE;81;TOX-1B52;9BD341ACWSYA24711;;USINA MONTE ALEGRE S/A;1;;
FIAT MOBI LIKE;77;SLF-6B56;9BD341ACSSY973404;;USINA MONTE ALEGRE S/A;1;;
FIAT MOBI LIKE;68;SKY-2A27;9BD341ACZRY903062;;USINA MONTE ALEGRE S/A;1;;
FIAT MOBI LIKE;62;RLS-9H85;9BD341ACXNY743538;;USINA MONTE ALEGRE S/A;1;;
FIAT MOBI LIKE;70;SKY-2H77;9BD341ACZRY903194;;USINA MONTE ALEGRE S/A;1;;
FIAT MOBI LIKE;64;RLZ-7F26;9BD341ACZPY8090488;;USINA MONTE ALEGRE S/A;1;;
FIAT MOBI LIKE;69;SKY-2I07;9BD341ACZRY903082;;USINA MONTE ALEGRE S/A;1;;
FIAT MOBI LIKE;55;RLU-1J40;9BD341ACXMY702223;;USINA MONTE ALEGRE S/A;1;;
FIAT MOBI LIKE;54;RLU-1D10;9BD341ACXMY701939;;USINA MONTE ALEGRE S/A;1;;
FIAT MOBI LIKE;76;SLF-6C26;9BD341ACSSY973399;;USINA MONTE ALEGRE S/A;1;;
FIAT MOBI TREKKING 1.0;82;;9BD341ATWSYA50441;;USINA MONTE ALEGRE S/A;1;;
FIAT MOBI TREKKING 1.0;83;;9BD341ATWSYA50399;;USINA MONTE ALEGRE S/A;1;;
FIAT STRADA ENDURANCE CP 1.3;74;SLB-0D66;9BD281AJRRYE94580;;USINA MONTE ALEGRE S/A;1;;
FIAT STRADA ENDURANCE CP 1.3;75;SLE-1A53;9BD281AJHRYF25738;;USINA MONTE ALEGRE S/A;1;;
FIAT STRADA ENDURANCE CP 1.4;66;QFH-9C71;9BD281A2DPYX94247;;USINA MONTE ALEGRE S/A;1;;
FIAT STRADA ENDURANCE CS 1.4;61;RLU-0I74;9BD281A22MYW21098;;USINA MONTE ALEGRE S/A;1;;
FIAT STRADA ENDURANCE CS 1.4;59;QFC1E21;9BD281A22MYV78170;;USINA MONTE ALEGRE S/A;1;;
FIAT STRADA ENDURANCE CS 1.4;58;RLT-0D39;9BD281A22MYV67491;;USINA MONTE ALEGRE S/A;1;;
FIAT STRADA ENDURANCE CS 1.4;63;QFG-8F51;9BD281A2DNYX08709;;USINA MONTE ALEGRE S/A;1;;
FIAT TORO VOLCANO TURBO;67;SKX-4J77;9882261ZPPKF34736;KF34736;USINA MONTE ALEGRE S/A;1;;
FORD / F4000;1091;MNF-1505;9BFLF47G15B018286;;USINA MONTE ALEGRE S/A;1;;
GERADOR;7093;;;;USINA MONTE ALEGRE S/A;1;;
GERADOR;7099;;A1NO79193;;USINA MONTE ALEGRE S/A;1;;
GERADOR;7098;;A1NO79191;;USINA MONTE ALEGRE S/A;1;;
GERADOR;7097;;A1NO79197;;USINA MONTE ALEGRE S/A;1;;
GERADOR;7096;;;;USINA MONTE ALEGRE S/A;1;;
GERADOR;7069;;;2290305692;USINA MONTE ALEGRE S/A;1;;
GERADOR;7075;;SÉRIE Nº 57060;;USINA MONTE ALEGRE S/A;1;;
GERADOR;7074;;22903063629;;USINA MONTE ALEGRE S/A;1;;
GERADOR;7073;;22903063628;;USINA MONTE ALEGRE S/A;1;;
GERADOR;7070;;;;USINA MONTE ALEGRE S/A;1;;
GERADOR;7067;;SÉRIE: 2290305 6934;;USINA MONTE ALEGRE S/A;1;;
GERADOR APOIO 2;7117;;;;USINA MONTE ALEGRE S/A;1;;
GERADOR GERMEK;7187;GER-7187;B619610K;50017;USINA MONTE ALEGRE S/A;1;;
GERADOR GERMEK;7188;;;;USINA MONTE ALEGRE S/A;1;;
GERADOR GERMEK;7180;;B609467J;;USINA MONTE ALEGRE S/A;1;;
GERADOR GERMEK;7140;;;A1N085526;USINA MONTE ALEGRE S/A;1;;
GERADOR GERMEK;7139;;;A1N085527;USINA MONTE ALEGRE S/A;1;;
GERADOR GERMEK;7134;;;A1N085210;USINA MONTE ALEGRE S/A;1;;
GERADOR GERMEK;7132;;;A1N085054;USINA MONTE ALEGRE S/A;1;;
GERADOR INDUSTRIA (01) APOIO;7101;;;;USINA MONTE ALEGRE S/A;1;;
GOL TL MCV;41;QFT-1606;9BWAG45U6HT065180;;USINA MONTE ALEGRE S/A;1;;
GRADE;6061;;;;USINA MONTE ALEGRE S/A;1;;
GRADE - GAP 14;6008;;;;USINA MONTE ALEGRE S/A;1;;
GRADE ( GAPCR 14 X 20 );6002;;;;USINA MONTE ALEGRE S/A;1;;
GRADE - GAPCR 14 X 28;6006;;;;USINA MONTE ALEGRE S/A;1;;
GRADE ( GAPCR 14 X 32 );6075;;;;USINA MONTE ALEGRE S/A;1;;
GRADE ( GAPCR 16 X 32 );6069;;;;USINA MONTE ALEGRE S/A;1;;
GRADE ARADORA;6001;;;;USINA MONTE ALEGRE S/A;1;;
GRADE ARADORA GAP 14 X 32 ( ECO );6048;;;;USINA MONTE ALEGRE S/A;1;;
GRADE NIVELADORA CONTROLE REMOTO;6115;;;;USINA MONTE ALEGRE S/A;1;;
HILUX SW4 ;510;RLW-3C70;8AJBA3FS0M0287912;;USINA MONTE ALEGRE S/A;1;;
JEEP RENEGADE 1.3 TURBO;80;QFV-8F51;9886111JGSK631470;;USINA MONTE ALEGRE S/A;1;;
JULIETA;8010;MMT-2379;9A9RAC152S1CL6068;;USINA MONTE ALEGRE S/A;1;;
JULIETA;8011;MON-5687;9A9RAC15211CL6310;;USINA MONTE ALEGRE S/A;1;;
JULIETA;8012;MON-6017;9A9RAC15211CL6314;;USINA MONTE ALEGRE S/A;1;;
JULIETA;8014;MON-5847;9A9RAC15211CL6345;;USINA MONTE ALEGRE S/A;1;;
JULIETA;8015;MON-5717;9A9RAC15211CL6342;;USINA MONTE ALEGRE S/A;1;;
JULIETA;8017;MON-5987;9A9RAC15211CL6311;;USINA MONTE ALEGRE S/A;1;;
JULIETA;8018;MON-5867;9A9RAC15211CL6344;;USINA MONTE ALEGRE S/A;1;;
JULIETA;8019;MON-5957;9A9RAC15211CL6312;;USINA MONTE ALEGRE S/A;1;;
JULIETA;8020;MON-5967;9A9RAC15211CL6315;;USINA MONTE ALEGRE S/A;1;;
JULIETA;8021;MON-5817;9A9RAC15211CL6319;;USINA MONTE ALEGRE S/A;1;;
JULIETA;8022;MON-5797;9A9RAC15211CL6343;;USINA MONTE ALEGRE S/A;1;;
JULIETA;8023;MON-5697;9A9RAC15211CL6328;;USINA MONTE ALEGRE S/A;1;;
JULIETA;8024;MON-5787;9A9RAC15211CL6327 ;;USINA MONTE ALEGRE S/A;1;;
JULIETA;8025;MON-5857;9A9RAC15211CL6324;;USINA MONTE ALEGRE S/A;1;;
JULIETA;8026;MON-5837;9A9RAC15211CL6326;;USINA MONTE ALEGRE S/A;1;;
JULIETA;8027;MON-6047;9A9RAC15211CL6323;;USINA MONTE ALEGRE S/A;1;;
JULIETA;8028;MON-5927;9A9RAC15211CL6325;;USINA MONTE ALEGRE S/A;1;;
JULIETA;8034;MNK-3788;9A9RAC15251CL6952;;USINA MONTE ALEGRE S/A;1;;
JULIETA;8035;MNK-3818;9A9RAC15251CL6951;;USINA MONTE ALEGRE S/A;1;;
JULIETA;8036;MOO-7669;9A9RAC15251CL6950;;USINA MONTE ALEGRE S/A;1;;
JULIETA;8037;MOO-7739;9A9RAC15251CL6953;;USINA MONTE ALEGRE S/A;1;;
JULIETA;8038;MOO-7709;9A9RAC15251CL6957;;USINA MONTE ALEGRE S/A;1;;
JULIETA;8039;MOO-7699;9A9RAC15251CL6956;;USINA MONTE ALEGRE S/A;1;;
JULIETA;8040;MNK-5088;9A9RAC15251CL6954;;USINA MONTE ALEGRE S/A;1;;
JULIETA;8041;MOO-7929;9A9RAC15251CL6955;;USINA MONTE ALEGRE S/A;1;;
JULIETA;8042;MNV-8097;9A9RAC15271CL6113;;USINA MONTE ALEGRE S/A;1;;
JULIETA;8043;MNV-8087;9A9RAC15271CL6114;;USINA MONTE ALEGRE S/A;1;;
JULIETA;8044;MNV-8117;9A9RAC15271CL6112;;USINA MONTE ALEGRE S/A;1;;
JULIETA;8045;MNV-8127;9A9RAC15271CL6111;;USINA MONTE ALEGRE S/A;1;;
JULIETA;8046;MOH-1227;9A9RAC15271CL6165;;USINA MONTE ALEGRE S/A;1;;
JULIETA;8047;MOH-1277;9ARAC15271CL6164;;USINA MONTE ALEGRE S/A;1;;
JULIETA;8048;MOH-1237;9A9RAC15271CL6163;;USINA MONTE ALEGRE S/A;1;;
JULIETA;8049;MOH-1257;9A9RAC15271CL6162;;USINA MONTE ALEGRE S/A;1;;
JULIETA;8050;NPV-5808;9A9RAC15291CL6021;;USINA MONTE ALEGRE S/A;1;;
JULIETA;8051;NPR-4839;9A9RAC15291CL6022;;USINA MONTE ALEGRE S/A;1;;
JULIETA;8052;NPR-4779;9A9RAC15291CL6023;;USINA MONTE ALEGRE S/A;1;;
JULIETA;8053;NPR-4449;9A9RAC15291CL6024;;USINA MONTE ALEGRE S/A;1;;
JULIETA;8054;NPR-4499;9A9RAC15291CL6025;;USINA MONTE ALEGRE S/A;1;;
JULIETA;8055;NPR-4469;9A9RAC15291CL6026;;USINA MONTE ALEGRE S/A;1;;
JULIETA;8056;NPW-7139;9A9RAC15291CL6030;;USINA MONTE ALEGRE S/A;1;;
JULIETA;8057;NPX-4949;9A9RAC15291CL6031;;USINA MONTE ALEGRE S/A;1;;
JULIETA;8058;NPT-6240;9A9RAC15291CL6032;;USINA MONTE ALEGRE S/A;1;;
JULIETA;8059;NPR-8820;9A9RAC15291CL6033;;USINA MONTE ALEGRE S/A;1;;
JULIETA;8060;NPT-6210;9A9RAC15291CL6034;;USINA MONTE ALEGRE S/A;1;;
JULIETA;8061;NPT-5990;9A9RAC15291CL6035;;USINA MONTE ALEGRE S/A;1;;
JULIETA ( CARROÇÃO );8016;MON-6037;9A9RAC15211CL6313;;USINA MONTE ALEGRE S/A;1;;
JULIETA ÁREA DE VIVÊNCIA;8002;MMP-8249;9A9RAC152S1CL6061;;USINA MONTE ALEGRE S/A;1;;
JULIETA ÁREA DE VIVÊNCIA;8003;MMP-8359;9A9RAC152S1CL6060;;USINA MONTE ALEGRE S/A;1;;
JULIETA ÁREA DE VIVÊNCIA;8006;MMP-8279;9A9RAC152S1CL6065;;USINA MONTE ALEGRE S/A;1;;
JULIETA ÁREA DE VIVÊNCIA;8008;MMP-8149;9A9RAC152S1CL6064;;USINA MONTE ALEGRE S/A;1;;
JULIETA ÁREA DE VIVÊNCIA;8009;MMP-8289;9A9RAC152S1CL6067;;USINA MONTE ALEGRE S/A;1;;
JULIETA ÁREA DE VIVÊNCIA;8001;MMP-8209;9A9RAC152S1CL6059;;USINA MONTE ALEGRE S/A;1;;
JULIETA ÁREA DE VIVÊNCIA;8004;MMP-8179;9A9RAC152S1CL6062;;USINA MONTE ALEGRE S/A;1;;
JULIETA BAU;8118;EAC-8H81;9ADD080288S265938;;USINA MONTE ALEGRE S/A;1;;
JULIETA BAU;8119;EAC-8I52;9ADD080288S266995;;USINA MONTE ALEGRE S/A;1;;
JULIETA BAU;8120;EAC-8I61;9ADD080288S265870;;USINA MONTE ALEGRE S/A;1;;
JULIETA BAU;8121;CZC-9017;94VC076244S000069;;USINA MONTE ALEGRE S/A;1;;
JULIETA BAU;8122;EIC-3721;95TA082299S004980;;USINA MONTE ALEGRE S/A;1;;
JULIETA BAU;8123;CNU-5108;;;USINA MONTE ALEGRE S/A;1;;
JULIETA BAU;8124;BTO-7E61;9AND07320LM0G6073;;USINA MONTE ALEGRE S/A;1;;
JULIETA BAU;8125;EAC-8I47;;;USINA MONTE ALEGRE S/A;1;;
JULIETA BAU;8126;EAC-8I42;9ADD080288S265962;;USINA MONTE ALEGRE S/A;1;;
JULIETA BAU;8127;EAC-8H91;9ADD080288S265937;;USINA MONTE ALEGRE S/A;1;;
JULIETA BAU;8128;;;;USINA MONTE ALEGRE S/A;1;;
JULIETA BAU;8129;;;;USINA MONTE ALEGRE S/A;1;;
JULIETA BAU;8062;NQD-4257;9A9RAC152A1CL6026;;USINA MONTE ALEGRE S/A;1;;
JULIETA BAU;8063;NQD-4277;9A9RAC152A1CL6027;;USINA MONTE ALEGRE S/A;1;;
JULIETA BAU;8064;NQD-4397;9A9RAC152A1CL6028;;USINA MONTE ALEGRE S/A;1;;
JULIETA BAU;8065;NQD-4407;9A9RAC152A1CL6029;;USINA MONTE ALEGRE S/A;1;;
JULIETA BAU;8066;NQD-4337;9A9RAC152A1CL6030;;USINA MONTE ALEGRE S/A;1;;
JULIETA BAU;8067;NQD-4357;9A9RAC152A1CL6031;;USINA MONTE ALEGRE S/A;1;;
JULIETA BAU;8068;NQD-4267;9A9RAC152A1CL6032;;USINA MONTE ALEGRE S/A;1;;
JULIETA BAU;8069;NQD-4247;9A9RAC152A1CL6033;;USINA MONTE ALEGRE S/A;1;;
JULIETA BAU;8070;OGD-6254;9A9A1022DD1DW5001;;USINA MONTE ALEGRE S/A;1;;
JULIETA BAU;8071;OGD-6244;9A9A1022DD1DW5002;;USINA MONTE ALEGRE S/A;1;;
JULIETA BAU;8072;OGD-6234;9A9A1022DD1DW5003;;USINA MONTE ALEGRE S/A;1;;
JULIETA BAU;8073;OGD-6224;9A9A1022DD1DW5004;;USINA MONTE ALEGRE S/A;1;;
JULIETA BAU;8074;OGD-6174;9A9A1022DD1DW5005;;USINA MONTE ALEGRE S/A;1;;
JULIETA BAU;8075;OGD-6164;9A9A1022DD1DW5006;;USINA MONTE ALEGRE S/A;1;;
JULIETA BAU;8076;AAD-1D50;9A9A1022DD1DW5007;;USINA MONTE ALEGRE S/A;1;;
JULIETA BAU;8077;OGD-6144;9A9A1022DD1DW5008;;USINA MONTE ALEGRE S/A;1;;
JULIETA BAU;8078;OGD-6264;9A9A1022DD1DW5009;;USINA MONTE ALEGRE S/A;1;;
JULIETA BAU;8079;OGD-6274;9A9A1022DD1DW5010;;USINA MONTE ALEGRE S/A;1;;
JULIETA BAU;8080;QFF-0755;9A9A1022EE1DW5001;;USINA MONTE ALEGRE S/A;1;;
JULIETA BAU;8081;QFC-6835;9A9A1022EE1DW5002;;USINA MONTE ALEGRE S/A;1;;
JULIETA BAU;8082;QFE-9305;9A9A1022EE1DW5003;;USINA MONTE ALEGRE S/A;1;;
JULIETA BAU;8083;QFE-9325;9A9A1022EE1DW5004;;USINA MONTE ALEGRE S/A;1;;
JULIETA BAU;8084;QFE-9335;9A9A1022EEDW5005;;USINA MONTE ALEGRE S/A;1;;
JULIETA BAU;8085;QFE-9565;9A9A1022EE1DW5006;;USINA MONTE ALEGRE S/A;1;;
JULIETA BAU;8086;QSB-5860;9A9A1022JJ1DW5001;;USINA MONTE ALEGRE S/A;1;;
JULIETA BAU;8087;QSB-5980;9A9A1022JJ1DW5002;;USINA MONTE ALEGRE S/A;1;;
JULIETA BAU;8088;QSB-9510;9A9A1022JJ1DW5003;;USINA MONTE ALEGRE S/A;1;;
JULIETA BAU;8089;QSC-6780;9A9A1022JJ1DW5004;;USINA MONTE ALEGRE S/A;1;;
JULIETA BAU;8090;QSC-6740;9A9A1022JJ1DW5005;;USINA MONTE ALEGRE S/A;1;;
JULIETA BAU;8091;QSC-9910;9A9A1022JJ1DW5006;;USINA MONTE ALEGRE S/A;1;;
JULIETA BAU;8092;BKC3I57;9A9RFRBC7R3AL8728;;USINA MONTE ALEGRE S/A;1;;
JULIETA BAU;8093;FJC5F36;9A9RFRBC7S3AL8126;;USINA MONTE ALEGRE S/A;1;;
JULIETA BAU;8094;RLQ8C46;9A9A1022MM1DW5005;;USINA MONTE ALEGRE S/A;1;;
JULIETA BAU;8095;RLQ8C56;9A91022MM1DW5006;;USINA MONTE ALEGRE S/A;1;;
JULIETA BAU;8096;RLQ8C06;9A91022MM1DW5007;;USINA MONTE ALEGRE S/A;1;;
JULIETA BAU;8097;RLQ8C36;9A91022MM1DW5008;;USINA MONTE ALEGRE S/A;1;;
JULIETA BAU;8098;RLQ-9J17;9A9A1022MM1DW5009;;USINA MONTE ALEGRE S/A;1;;
JULIETA BAU;8099;RLQ-9J37;9A9A1022MM1DW5010;;USINA MONTE ALEGRE S/A;1;;
JULIETA BAU;8100;RLQ-9J57;9A9A1022MM1DW5011;;USINA MONTE ALEGRE S/A;1;;
JULIETA BAU;8101;RLR-0J67;9A9A1022MM1DW5012;;USINA MONTE ALEGRE S/A;1;;
JULIETA BAU;8102;RLQ-9J77;9A9A1022MM1DW5013;;USINA MONTE ALEGRE S/A;1;;
JULIETA BAU;8103;RLQ-9J67;9A9A1022MM1DW5014;;USINA MONTE ALEGRE S/A;1;;
JULIETA BAU;8104;RLR-3F17;9A9A1022MM1DW5015;;USINA MONTE ALEGRE S/A;1;;
JULIETA BAU;8105;RLR4B17;9A9A1022MM1DW5016;;USINA MONTE ALEGRE S/A;1;;
JULIETA BAU;8106;RLS-4C97;9A9A1022MM1DW5017;;USINA MONTE ALEGRE S/A;1;;
JULIETA BAU;8107;RLS-4C77;9A9A1022MM1DW5018;;USINA MONTE ALEGRE S/A;1;;
JULIETA BAU;8108;RLS-4D17;9A9A1022MM1DW5019;;USINA MONTE ALEGRE S/A;1;;
JULIETA BAU;8109;RLS-4D47;9A9A1022MM1DW5020;;USINA MONTE ALEGRE S/A;1;;
JULIETA BAU;8110;EAC-8I81;9ADD080288S265945;;USINA MONTE ALEGRE S/A;1;;
JULIETA BAU;8111;EAC-8I31;9ADD080288S265941;;USINA MONTE ALEGRE S/A;1;;
JULIETA BAU;8112;EAC-8I56;9ADD080288S265946;;USINA MONTE ALEGRE S/A;1;;
JULIETA BAU;8113;EAC-8864;9ADD080288S265958;;USINA MONTE ALEGRE S/A;1;;
JULIETA BAU;8114;EAC-8I75;9ADD080288S265934;;USINA MONTE ALEGRE S/A;1;;
JULIETA BAU;8115;EAC-8I23;9ADD080288S265940;;USINA MONTE ALEGRE S/A;1;;
JULIETA BAU;8116;EAC-8I63;9ADD080288S265952;;USINA MONTE ALEGRE S/A;1;;
JULIETA BAU;8117;EAC-8I21;9ADD080288S265930;;USINA MONTE ALEGRE S/A;1;;
MANIPULADOR TELESCOPICO JCB TH530-110;4020;;;;USINA MONTE ALEGRE S/A;1;;
MERCEDINHA 710;11;MNF-9878;9BM6881565B444452;;USINA MONTE ALEGRE S/A;1;;
MINI CARREGADEIRA L230 LOADER;4014;;JAF0L230LFM400324;NFM400324;USINA MONTE ALEGRE S/A;1;;
MOTO NXR BROS 160 ESDD;50;QSG7318;9C2KD0810KR230620;OKR230620;USINA MONTE ALEGRE S/A;1;;
MOTO NXR BROS 160 ESDD;79;SKX-2D82;9C2KD08100RR166968;;USINA MONTE ALEGRE S/A;1;;
MOTO NXR BROS 160 ESDD;78;SKX-2E52;9C2KD0810RR167737;;USINA MONTE ALEGRE S/A;1;;
MOTO NXR BROS 160 ESDD;73;SLA1-F87;9C2KD0810RR050111;0RR050111;USINA MONTE ALEGRE S/A;1;;
MOTO NXR BROS 160 ESDD;72;SLF-4G08;9C2KD0810RR047904;0RR047904;USINA MONTE ALEGRE S/A;1;;
MOTO NXR BROS 160 ESDD;71;SLF-4F98;9C2KD0810RR047917;0RR047917;USINA MONTE ALEGRE S/A;1;;
MOTO NXR BROS 160 ESDD;65;QFV-8F52;9C2KD0810PR207280;0PR207280;USINA MONTE ALEGRE S/A;1;;
MOTO NXR BROS 160 ESDD;57;RLX-1J80;9C2KD0810LR0900119;0LR090119;USINA MONTE ALEGRE S/A;1;;
MOTO NXR BROS 160 ESDD;49;QSG7388;9C2KD0810KR230598;OKR230598;USINA MONTE ALEGRE S/A;1;;
MOTO NXR BROS 160 ESDD;51;QSG-7458;9C2KD0810KR231076;OKR231076;USINA MONTE ALEGRE S/A;1;;
MOTO NXR BROS 160 ESDD;56;RLX-1E00;9C2KD0810LR089872;0LR089872;USINA MONTE ALEGRE S/A;1;;
MOTO NXR 150 BROS-ES;43;OFX-5508;9C2KD0550DR221055;;USINA MONTE ALEGRE S/A;1;;
MOTO NXR 150 BROS-ES;33;QFA-6305;9CKD0550ER107558;0ER107558;USINA MONTE ALEGRE S/A;1;;
MOTO NXR 150 BROS-KS;26;NQA-3880;9C2KD04309R021790;;USINA MONTE ALEGRE S/A;1;;
MOTO NXR 150 BROS-KS;25;NPV-9830;9C2KD04309R020673;;USINA MONTE ALEGRE S/A;1;;
MOTO NXR 150 BROS-KS;32;OEU-2660;9C2KD0560BR106623;;USINA MONTE ALEGRE S/A;1;;
MOTO NXR 150 BROS-KS;31;MOQ-7772;9C2KD0560BR505632;;USINA MONTE ALEGRE S/A;1;;
MOTO NXR 150 BROS-KS;30;MOQ-7652;9C2KD0560BR504867;;USINA MONTE ALEGRE S/A;1;;
MOTO NXR 150 BROS-KS;29;MOH-3291;9C2KD0560BR504089;;USINA MONTE ALEGRE S/A;1;;
MOTONIVELADORA;4011;PAL-4011;CAT0120KKCJAP01560;;USINA MONTE ALEGRE S/A;1;;
MOTONIVELADORA;4022;PAT-4022;1BZ620PAARDM00093;;USINA MONTE ALEGRE S/A;1;;
MOTOR BOMBA;7051;;;345.914-004-605364;USINA MONTE ALEGRE S/A;1;;
MOTOR BOMBA;7063;;;;USINA MONTE ALEGRE S/A;1;;
MOTOR BOMBA;7064;;229061512;;USINA MONTE ALEGRE S/A;1;;
MOTOR BOMBA;7066;;;476.916405-711935;USINA MONTE ALEGRE S/A;1;;
MOTOR BOMBA;7068;;;476.916-405-711487;USINA MONTE ALEGRE S/A;1;;
MOTOR BOMBA;7071;;;;USINA MONTE ALEGRE S/A;1;;
MOTOR BOMBA;7072;;;;USINA MONTE ALEGRE S/A;1;;
MOTOR BOMBA;7078;;;C1S194730;USINA MONTE ALEGRE S/A;1;;
MOTOR BOMBA;7079;;;C1S194807;USINA MONTE ALEGRE S/A;1;;
MOTOR BOMBA;7080;;;C1S194809;USINA MONTE ALEGRE S/A;1;;
MOTOR BOMBA;7081;;;C1S194742;USINA MONTE ALEGRE S/A;1;;
MOTOR BOMBA;7082;;;C1S194803;USINA MONTE ALEGRE S/A;1;;
MOTOR BOMBA;7083;;;C1S197225;USINA MONTE ALEGRE S/A;1;;
MOTOR BOMBA;7084;;;C1S197226;USINA MONTE ALEGRE S/A;1;;
MOTOR BOMBA;7085;;;C1S197227;USINA MONTE ALEGRE S/A;1;;
MOTOR BOMBA;7091;;;C1S197329;USINA MONTE ALEGRE S/A;1;;
MOTOR BOMBA;7092;;;C1S197331;USINA MONTE ALEGRE S/A;1;;
MOTOR BOMBA COMB. INC. ;7176;MOT-7176;;;USINA MONTE ALEGRE S/A;1;;
PÁ CARREGADEIRA;4008;;HBZN621DVBAE0;;USINA MONTE ALEGRE S/A;1;;
PÁ CARREGADEIRA;4021;PAM-4021;HBZN621EEPAE16153;NPAE16153;USINA MONTE ALEGRE S/A;1;;
PÁ CARREGADEIRA;4017;CAR-4017;HBZN821EVEAE06207;;USINA MONTE ALEGRE S/A;1;;
PÁ CARREGADEIRA;4003;;N7AE01136;N7AE01136;USINA MONTE ALEGRE S/A;1;;
PÁ CARREGADEIRA;4001;;57203117;;USINA MONTE ALEGRE S/A;1;;
PICK UP TORO ENDURANCE 1.8;53;RLT-3G40;9882261CBMKD58519;1.8 16V AT6 FLEX;USINA MONTE ALEGRE S/A;1;;
PIPA ÁGUA;8556;;;;USINA MONTE ALEGRE S/A;1;;
PIPA AGUA SUJA;8512;;;;USINA MONTE ALEGRE S/A;1;;
PIPA HERBICIDA;8503;;;;USINA MONTE ALEGRE S/A;1;;
PIPA HERBICIDA;8555;;;;USINA MONTE ALEGRE S/A;1;;
PIPA INDUSTRIA;8502;;;;USINA MONTE ALEGRE S/A;1;;
PIVOT;7004;;NOTA FISCAL: 28190;;USINA MONTE ALEGRE S/A;1;;
PIVOT;7011;;SÉRIE Nº 5261;;USINA MONTE ALEGRE S/A;1;;
PIVOT;7010;;SÉRIE Nº 5263;;USINA MONTE ALEGRE S/A;1;;
PIVOT;7009;;SÉRIE Nº 5262;;USINA MONTE ALEGRE S/A;1;;
PIVOT;7008;;;;USINA MONTE ALEGRE S/A;1;;
PIVOT;7007;;;;USINA MONTE ALEGRE S/A;1;;
PIVOT;7005;;;;USINA MONTE ALEGRE S/A;1;;
PIVOT;7003;;NOTA FISCAL: 28176;;USINA MONTE ALEGRE S/A;1;;
PIVOT;7002;;NOTA FISCAL: 05341;;USINA MONTE ALEGRE S/A;1;;
PIVOT;7001;;NOTA FISCAL: 05338;;USINA MONTE ALEGRE S/A;1;;
PIVOT VALLEY;7184;;;18.342;USINA MONTE ALEGRE S/A;1;;
PIVOT VALLEY;7185;;;18.343;USINA MONTE ALEGRE S/A;1;;
PIVOT VALLEY ;7179;;;17.179;USINA MONTE ALEGRE S/A;1;;
PIVOT VALLEY 419M;7023;;4871;380 VT;USINA MONTE ALEGRE S/A;1;;
PIVOT VALLEY 460M;7022;;4871;380 VT;USINA MONTE ALEGRE S/A;1;;
POLO;500;MOE-3701;;;USINA MONTE ALEGRE S/A;1;;
POSTO ABASTECIMENTO CISAL;1000;CIS-1000;;;USINA MONTE ALEGRE S/A;1;;
PULVERIZADOR AJ;6014;PUL-6014;;960421;USINA MONTE ALEGRE S/A;1;;
PULVERIZADOR FCI JACTO;6073;;;;USINA MONTE ALEGRE S/A;1;;
PULVERIZADOR HERBIPLUS G2S;6094;;;;USINA MONTE ALEGRE S/A;1;;
PULVERIZADOR JACTO TRAMPO;6088;;;;USINA MONTE ALEGRE S/A;1;;
PULVERIZADOR JACTO (TRATOR 2050);6087;;;;USINA MONTE ALEGRE S/A;1;;
REBOQUE CANA P. RODOLINEA;9132;AST-7B94;;;USINA ESTIVAS LTDA;;;
REBOQUE CANA P. RODOLINEA;9138;ASA-7E03;;;USINA ESTIVAS LTDA;;;
REBOQUE CANA P. RODOLINEA;9137;AST-7131;;;USINA ESTIVAS LTDA;;;
REBOQUE CANA P. RODOLINEA;9136;ARZ-7B07;;;USINA ESTIVAS LTDA;;;
REBOQUE CANA P. RODOLINEA;9135;ASA-7303;;;USINA ESTIVAS LTDA;;;
REBOQUE CANA P. RODOLINEA;9131;AST-7193;;;USINA ESTIVAS LTDA;;;
REBOQUE CANA P. RODOLINEA;9139;AST-7283;;;USINA ESTIVAS LTDA;;;
REBOQUE CANA P. RODOLINEA;9133;ASA-7E06;;;USINA ESTIVAS LTDA;;;
REBOQUE CANA P. RODOLINEA;9134;AST-7132;;;USINA ESTIVAS LTDA;;;
REBOQUE PRANCHA;8558;QFM-8E22;91EC1572NNE000327;633608 SR CT 02E;USINA MONTE ALEGRE S/A;1;;
REBOQUE PRANCHA;8553;OEX-0640;9A9CA1732BPDW5001;;USINA MONTE ALEGRE S/A;1;;
REBOQUE TANQUE;8554;MVH1402;9A9ST27937JAU8062;;USINA MONTE ALEGRE S/A;1;;
RETROESCAVADEIRA JCB 3CX;4015;;S0R3CXTTJJ2675057;;USINA MONTE ALEGRE S/A;1;;
ROCADEIRA ;6065;ROC-6065;;;USINA MONTE ALEGRE S/A;1;;
SAVEIRO CS TL MB;45;QFQ-4087;9BWKB45U1FP176258;;USINA MONTE ALEGRE S/A;1;;
SEMI-REBOQUE;8557;QFJ7I82;9ADG1243MMM477985;SR GR DT 03 35-6X4;USINA MONTE ALEGRE S/A;1;;
SEMI-REBOQUE;8563;OUE-4751;9A9CA17222KLDJ5473;;USINA MONTE ALEGRE S/A;1;;
SEMI-REBOQUE;8564;OUE-4641;9A9CA1722KLDJ5474;;USINA MONTE ALEGRE S/A;1;;
SUB-SOLADOR;6018;;;;USINA MONTE ALEGRE S/A;1;;
SUB-SOLADOR;6017;;;;USINA MONTE ALEGRE S/A;1;;
SUBSOLADOR ;6041;;;;USINA MONTE ALEGRE S/A;1;;
SUBSOLADOR PICCIN;6060;;;;USINA MONTE ALEGRE S/A;1;;
SULCADOR;6054;;;;USINA MONTE ALEGRE S/A;1;;
SULCADOR;6051;;;;USINA MONTE ALEGRE S/A;1;;
SULCADOR;6050;;;;USINA MONTE ALEGRE S/A;1;;
SULCADOR;6038;;;;USINA MONTE ALEGRE S/A;1;;
SULCADOR;6012;SUL-6012;68624-06;;USINA MONTE ALEGRE S/A;1;;
SULCADOR 2 LINHA;6092;;;;USINA MONTE ALEGRE S/A;1;;
SULCADOR 2 LINHA;6099;;;;USINA MONTE ALEGRE S/A;1;;
SULCADOR 3 LINHA;6070;SUL-6070;;;USINA MONTE ALEGRE S/A;1;;
TILE IMPLEMENTO AGRICOLA;6104;;;;USINA MONTE ALEGRE S/A;1;;
TRAMSFOMADOR MOVEL;7102;;21448693;26245;USINA MONTE ALEGRE S/A;1;;
TRANSBORDO AGRÍCOLA DE CANA;6084;;TCP.US.752700;0858;USINA MONTE ALEGRE S/A;1;;
TRANSBORDO AGRÍCOLA DE CANA;6085;;TCP.US.752700;0859;USINA MONTE ALEGRE S/A;1;;
TRANSBORDO AGRÍCOLA DE CANA;6086;;TCP.US.752700;;USINA MONTE ALEGRE S/A;1;;
TRANSBORDO AGRÍCOLA DE CANA;6096;;01641;;USINA MONTE ALEGRE S/A;1;;
TRANSBORDO AGRÍCOLA DE CANA;6097;;01642;;USINA MONTE ALEGRE S/A;1;;
TRANSBORDO AGRÍCOLA DE CANA;6101;;;1015214;USINA MONTE ALEGRE S/A;1;;
TRANSBORDO AGRÍCOLA DE CANA;6102;;;;USINA MONTE ALEGRE S/A;1;;
TRANSBORDO AGRÍCOLA DE CANA;6080;;;0198;USINA MONTE ALEGRE S/A;1;;
TRANSBORDO AGRÍCOLA DE CANA;6106;;TC-10500;;USINA MONTE ALEGRE S/A;1;;
TRANSBORDO AGRÍCOLA DE CANA;6107;;3185;;USINA MONTE ALEGRE S/A;1;;
TRANSBORDO AGRÍCOLA DE CANA;6108;;3.1.8.5;;USINA MONTE ALEGRE S/A;1;;
TRANSBORDO AGRÍCOLA DE CANA;6111;;;;USINA MONTE ALEGRE S/A;1;;
TRANSBORDO AGRÍCOLA DE CANA;6112;;;;USINA MONTE ALEGRE S/A;1;;
TRANSBORDO AGRÍCOLA DE CANA;6083;;;0359;USINA MONTE ALEGRE S/A;1;;
TRANSBORDO AGRÍCOLA DE CANA;6081;;;0200;USINA MONTE ALEGRE S/A;1;;
TRANSBORDO AGRÍCOLA DE CANA;6105;;TC10500;;USINA MONTE ALEGRE S/A;1;;
TRANSBORDO AGRÍCOLA DE CANA;6076;;;0185;USINA MONTE ALEGRE S/A;1;;
TRANSBORDO AGRÍCOLA DE CANA;6077;;TAC9500;0187;USINA MONTE ALEGRE S/A;1;;
TRANSBORDO AGRÍCOLA DE CANA;6078;;;0188;USINA MONTE ALEGRE S/A;1;;
TRANSBORDO AGRÍCOLA DE CANA;6079;;;0196;USINA MONTE ALEGRE S/A;1;;
TRANSBORDO AGRÍCOLA DE CANA ;6082;;06007;0191;USINA MONTE ALEGRE S/A;1;;
TRANSFOMADOR MOVEL;7150;;;;USINA MONTE ALEGRE S/A;1;;
TRANSFOMADOR MOVEL;7151;;;;USINA MONTE ALEGRE S/A;1;;
TRANSFOMADOR MOVEL;7152;;;;USINA MONTE ALEGRE S/A;1;;
TRANSFOMADOR MOVEL;7153;;;;USINA MONTE ALEGRE S/A;1;;
TRANSFOMADOR MOVEL;7190;;;W112,5KVA;USINA MONTE ALEGRE S/A;1;;
TRANSFOMADOR MOVEL;7192;;;;USINA MONTE ALEGRE S/A;1;;
TRANSFOMADOR MOVEL;7194;;;;USINA MONTE ALEGRE S/A;1;;
TRANSFOMADOR MOVEL;7103;;21448647;26244;USINA MONTE ALEGRE S/A;1;;
TRANSFOMADOR MOVEL;7104;;21449053;26246;USINA MONTE ALEGRE S/A;1;;
TRANSFOMADOR MOVEL;7105;;21337540;26238;USINA MONTE ALEGRE S/A;1;;
TRANSFOMADOR MOVEL;7106;;21448649;26240;USINA MONTE ALEGRE S/A;1;;
TRANSFOMADOR MOVEL;7107;;17710960;22778;USINA MONTE ALEGRE S/A;1;;
TRANSFOMADOR MOVEL;7135;;;W225KVA;USINA MONTE ALEGRE S/A;1;;
TRANSFOMADOR MOVEL;7136;;;W225KVA;USINA MONTE ALEGRE S/A;1;;
TRANSFOMADOR MOVEL;7137;;;W112,5KVA;USINA MONTE ALEGRE S/A;1;;
TRANSFOMADOR MOVEL;7138;;;W112,5KVA;USINA MONTE ALEGRE S/A;1;;
TRANSFOMADOR MOVEL;7141;TRA-7141;;;USINA MONTE ALEGRE S/A;1;;
TRANSFOMADOR MOVEL;7146;;;;USINA MONTE ALEGRE S/A;1;;
TRANSFOMADOR MOVEL;7147;;;;USINA MONTE ALEGRE S/A;1;;
TRANSFOMADOR MOVEL;7148;;;;USINA MONTE ALEGRE S/A;1;;
TRANSFOMADOR MOVEL;7149;;;;USINA MONTE ALEGRE S/A;1;;
TRANSFORMADOR MOVEL;7131;;;;USINA MONTE ALEGRE S/A;1;;
TRANSFORMADOR MOVEL;7129;TRA-7129;;;USINA MONTE ALEGRE S/A;1;;
TRANSFORMADOR MOVEL;7116;;1207543;;USINA MONTE ALEGRE S/A;1;;
TRANSFORMADOR MOVEL;7114;;229033;;USINA MONTE ALEGRE S/A;1;;
TRANSFORMADOR MOVEL;7112;;13095;;USINA MONTE ALEGRE S/A;1;;
TRANSFORMADOR MOVEL;7111;;1207560;;USINA MONTE ALEGRE S/A;1;;
TRANSFORMADOR MOVEL;7110;;229614;7110;USINA MONTE ALEGRE S/A;1;;
TRANSFORMADOR MOVEL;7108;;1166747;7108;USINA MONTE ALEGRE S/A;1;;
TRANSFORMADOR MOVEL;7130;TRA-7130;;;USINA MONTE ALEGRE S/A;1;;
TRANSFORMADOR MOVEL ;7123;TRA-7123;;;USINA MONTE ALEGRE S/A;1;;
TRANSFORMADOR MOVEL ;7113;;260334;;USINA MONTE ALEGRE S/A;1;;
TRANSFORMADOR MOVEL ;7122;TRA-7122;;;USINA MONTE ALEGRE S/A;1;;
TRANSFORMADOR MOVEL ;7121;;;;USINA MONTE ALEGRE S/A;1;;
TRANSFORMADOR MOVEL ;7118;;25667534;;USINA MONTE ALEGRE S/A;1;;
TRANSFORMADOR MOVEL ;7115;;229030;;USINA MONTE ALEGRE S/A;1;;
TRANSFORMADOR MOVEL ;7124;TRA-7124;;;USINA MONTE ALEGRE S/A;1;;
TRANSP. CALDA PRONTA;8005;MMP-8119;9A9RAC152S1CL6063;;USINA MONTE ALEGRE S/A;1;;
TRATOR DE ESTEIRA;4004;;36C00896;;USINA MONTE ALEGRE S/A;1;;
TRATOR DE ESTEIRA JD 750J;4024;;;;USINA MONTE ALEGRE S/A;1;;
TRATOR DE PNEUS;2007;;V211125;;USINA MONTE ALEGRE S/A;1;;
TRATOR DE PNEUS;2009;;V211123;;USINA MONTE ALEGRE S/A;1;;
TRATOR DE PNEUS;2013;;V211126;;USINA MONTE ALEGRE S/A;1;;
TRATOR DE PNEUS;2015;;V197906;;USINA MONTE ALEGRE S/A;1;;
TRATOR DE PNEUS;2019;;V230559;;USINA MONTE ALEGRE S/A;1;;
TRATOR DE PNEUS (4X2);2026;;CQ5700A018081;;USINA MONTE ALEGRE S/A;1;;
TRATOR DE PNEUS (4X2);2028;;CQ5700A018286;;USINA MONTE ALEGRE S/A;1;;
TRATOR DE PNEUS (4X2);2031;;CQ6405A028497;;USINA MONTE ALEGRE S/A;1;;
TRATOR DE PNEUS (4X4);2061;;1BM6190JVND660011;;USINA MONTE ALEGRE S/A;1;;
TRATOR DE PNEUS (4X4);2062;;1BM6100JTPD601662;;USINA MONTE ALEGRE S/A;1;;
TRATOR DE PNEUS (4X4);2063;;1BM6190JVPD661050;;USINA MONTE ALEGRE S/A;1;;
TRATOR DE PNEUS (4X4);2064;TRA-2064;1BM6165JJBD000843;;USINA MONTE ALEGRE S/A;1;;
TRATOR DE PNEUS (4X4);2065;TRA-2065;1BM6190JCRD661219;;USINA MONTE ALEGRE S/A;1;;
TRATOR DE PNEUS (4X4);2066;TRA-2066;1BM6190JHRD661220;;USINA MONTE ALEGRE S/A;1;;
TRATOR DE PNEUS (4X4);2067;TRA-2067;1BM6190MARH000996;;USINA MONTE ALEGRE S/A;1;;
TRATOR DE PNEUS (4X4);2068;TRA-2068;1BM6190MJRH000993;;USINA MONTE ALEGRE S/A;1;;
TRATOR DE PNEUS (4X4);2069;TRA-2069;1BM6190MLRH000997;;USINA MONTE ALEGRE S/A;1;;
TRATOR DE PNEUS (4X4);2070;TRA-2070;1BM6100JCRD601906;;USINA MONTE ALEGRE S/A;1;;
TRATOR DE PNEUS (4X4);2071;TRA-2071;1BM6100JPRD601911;;USINA MONTE ALEGRE S/A;1;;
TRATOR DE PNEUS (4X4);2072;TRA-2072;1BM6100JHRD30190455;;USINA MONTE ALEGRE S/A;1;;
TRATOR DE PNEUS (4X4);2073;TRA-2073;9AGT2019PSM010666;SMD216010;USINA MONTE ALEGRE S/A;1;;
TRATOR DE PNEUS (4X4);2012;;;;USINA MONTE ALEGRE S/A;1;;
TRATOR DE PNEUS (4X4);2020;;RD299;;USINA MONTE ALEGRE S/A;1;;
TRATOR DE PNEUS (4X4);2021;;RD302;;USINA MONTE ALEGRE S/A;1;;
TRATOR DE PNEUS (4X4);2024;;CQ7505A016724;;USINA MONTE ALEGRE S/A;1;;
TRATOR DE PNEUS (4X4);2025;;CQ7505A018411;;USINA MONTE ALEGRE S/A;1;;
TRATOR DE PNEUS (4X4);2027;;CQ7505A020774;;USINA MONTE ALEGRE S/A;1;;
TRATOR DE PNEUS (4X4);2030;;CQ7505A022618;;USINA MONTE ALEGRE S/A;1;;
TRATOR DE PNEUS (4X4);2032;;CQ7505A028697;;USINA MONTE ALEGRE S/A;1;;
TRATOR DE PNEUS (4X4);2033;;BH184731329;;USINA MONTE ALEGRE S/A;1;;
TRATOR DE PNEUS (4X4);2034;;BH164731327;;USINA MONTE ALEGRE S/A;1;;
TRATOR DE PNEUS (4X4);2035;;BH164731328;;USINA MONTE ALEGRE S/A;1;;
TRATOR DE PNEUS (4X4);2036;;H185243845;;USINA MONTE ALEGRE S/A;1;;
TRATOR DE PNEUS (4X4);2037;;H185243846;;USINA MONTE ALEGRE S/A;1;;
TRATOR DE PNEUS (4X4);2038;;H185264238;;USINA MONTE ALEGRE S/A;1;;
TRATOR DE PNEUS (4X4);2039;;H185264242;;USINA MONTE ALEGRE S/A;1;;
TRATOR DE PNEUS (4X4);2040;;M1002922720;;USINA MONTE ALEGRE S/A;1;;
TRATOR DE PNEUS (4X4);2041;;M100296190;;USINA MONTE ALEGRE S/A;1;;
TRATOR DE PNEUS (4X4);2042;;00000007180399580;7180399580;USINA MONTE ALEGRE S/A;1;;
TRATOR DE PNEUS (4X4);2045;;H1804C4601A;;USINA MONTE ALEGRE S/A;1;;
TRATOR DE PNEUS (4X4);2048;TRA-2048;9AGT9917TJC004471;JMD333046;USINA MONTE ALEGRE S/A;1;;
TRATOR DE PNEUS (4X4);2049;;AAT2010GDM010502;H185355013;USINA MONTE ALEGRE S/A;1;;
TRATOR DE PNEUS (4X4);2050;TRA-2050;AGT00064TK0004279;134795;USINA MONTE ALEGRE S/A;1;;
TRATOR DE PNEUS (4X4);2051;TRA-2051;9AGT2019KKM002889;W194559219;USINA MONTE ALEGRE S/A;1;;
TRATOR DE PNEUS (4X4);2052;TRA-2052;00000007180340453;7180340453;USINA MONTE ALEGRE S/A;1;;
TRATOR DE PNEUS (4X4);2053;TRA-2053;9AGT2019LJM001344;TW19509502;USINA MONTE ALEGRE S/A;1;;
TRATOR DE PNEUS (4X4);2054;;1BM6190JCMD003061;;USINA MONTE ALEGRE S/A;1;;
TRATOR DE PNEUS (4X4);2055;;1BM6190JVMD003059;;USINA MONTE ALEGRE S/A;1;;
TRATOR DE PNEUS (4X4);2056;;1BM6190JEMD003097;;USINA MONTE ALEGRE S/A;1;;
TRATOR DE PNEUS (4X4);2057;;1BM6190JKMD003087;;USINA MONTE ALEGRE S/A;1;;
TRATOR DE PNEUS (4X4);2058;;9AGT2019CNM005976;W194644494;USINA MONTE ALEGRE S/A;1;;
TRATOR DE PNEUS (4X4);2059;;1BM6190JVND600374;;USINA MONTE ALEGRE S/A;1;;
TRATOR DE PNEUS (4X4);2060;;9AGT2019LNM006128;W194649493;USINA MONTE ALEGRE S/A;1;;
TRATOR DE PNEUS 4290 (4X4);2043;;00000004290400307;4290400307;USINA MONTE ALEGRE S/A;1;;
TRATOR DE PNEUS 4290 (4X4);2044;;00000004290400308;429040008;USINA MONTE ALEGRE S/A;1;;
TRATOR DE PNEUS 4292 (4X4);2047;;9AGT0007JJC018084;4292493677;USINA MONTE ALEGRE S/A;1;;
TRATOR DE PNEUS 4292 (4X4);2046;;9AGT0007VJC0180010;4292492729;USINA MONTE ALEGRE S/A;1;;
TRATOR VALTRA BH 180 F 01;9151;;;;USINA ESTIVAS LTDA;;;
TRATOR VALTRA BH 180 J 01;9155;;;;USINA ESTIVAS LTDA;;;
TRATOR VALTRA BH185;9154;;;;USINA ESTIVAS LTDA;;;
TURBOMAQ;7012;;CHASSI Nº 1236;;USINA MONTE ALEGRE S/A;1;;
TURBOMAQ;7013;;CHASSI Nº 1259;;USINA MONTE ALEGRE S/A;1;;
TURBOMAQ;7021;;CHASSI Nº 31764;;USINA MONTE ALEGRE S/A;1;;
TURBOMAQ;7020;;CHASSI Nº 31760;;USINA MONTE ALEGRE S/A;1;;
TURBOMAQ;7019;;CHASSI Nº 31759;;USINA MONTE ALEGRE S/A;1;;
TURBOMAQ;7018;;CHASSI Nº 31763;;USINA MONTE ALEGRE S/A;1;;
TURBOMAQ;7017;;CHASSI Nº 31758;;USINA MONTE ALEGRE S/A;1;;
TURBOMAQ;7014;;CHASSI Nº 1263;;USINA MONTE ALEGRE S/A;1;;
TURBOMAQ;7015;;CHASSI Nº 1260;;USINA MONTE ALEGRE S/A;1;;
TURBOMAQ;7016;;CHASSI Nº 1262;;USINA MONTE ALEGRE S/A;1;;
TURBOMAQ/CARRETEL HR 110/400;7032;;CHASSIS Nº 3368;336840222;USINA MONTE ALEGRE S/A;1;;
TURBOMAQ/CARRETEL HR 110/400;7031;;CHASSIS Nº 33684;336840122;USINA MONTE ALEGRE S/A;1;;
TURBOMAQ/CARRETEL HR 110/400;7034;;;336840422;USINA MONTE ALEGRE S/A;1;;
TURBOMAQ/CARRETEL HR 110/400;7033;;33684;336840322;USINA MONTE ALEGRE S/A;1;;
TURBOMAQ/CARRETEL HR110/400 PN 8;7035;TUR-7035;CHASSIS Nº ;42453 01 25;USINA MONTE ALEGRE S/A;1;;
TURBOMAQ/CARRETEL HR110/400 PN 8;7036;;;42453 02 25;USINA MONTE ALEGRE S/A;1;;
USINA - DIESEL UTILIZACAO INDUSTRIAL;1001;;;;USINA MONTE ALEGRE S/A;1;;
USINA - DIESEL UTILIZACAO INDUSTRIAL;550;;;;USINA MONTE ALEGRE S/A;1;;
VW SAVEIRO CS RB MF;84;;9BWKL45UXTP015741;;USINA MONTE ALEGRE S/A;1;;
VW SAVEIROCS RB MF;85;;9BWKL45U6TP015364;;USINA MONTE ALEGRE S/A;1;;
